Data,Produto,Estado,Área Colhida (ha),Produção (t),Rendimento Médio (kg/ha)
12016,1,1,26306.0,148799.0,5656.0
12016,2,1,180474.0,325814.0,1805.0
12016,5,1,429231.0,3692023.0,8601.0
12016,7,1,5373198.0,18297273.0,3405.0
22016,1,1,26286.0,148467.0,5648.0
22016,2,1,180149.0,284549.0,1580.0
22016,5,1,423471.0,3522269.0,8318.0
22016,7,1,5375431.0,17768012.0,3305.0
32016,1,1,26260.0,141857.0,5402.0
32016,2,1,180149.0,284549.0,1580.0
32016,5,1,423890.0,3448940.0,8136.0
32016,7,1,5442435.0,17193813.0,3159.0
42016,1,1,26260.0,141857.0,5402.0
42016,2,1,180149.0,284549.0,1580.0
42016,5,1,423695.0,3409668.0,8047.0
42016,7,1,5445370.0,17100496.0,3140.0
52016,1,1,26254.0,141771.0,5400.0
52016,2,1,180149.0,284549.0,1580.0
52016,5,1,423695.0,3406860.0,8041.0
52016,7,1,5445370.0,17100496.0,3140.0
62016,1,1,26254.0,141771.0,5400.0
62016,2,1,180149.0,284549.0,1580.0
62016,5,1,423695.0,3406860.0,8041.0
62016,7,1,5444891.0,16969660.0,3117.0
72016,1,1,26254.0,141771.0,5400.0
72016,2,1,180149.0,284549.0,1580.0
72016,5,1,423695.0,3406860.0,8041.0
72016,7,1,5444891.0,16969660.0,3117.0
82016,1,1,26254.0,141771.0,5400.0
82016,2,1,180149.0,284549.0,1580.0
82016,5,1,423695.0,3406860.0,8041.0
82016,7,1,5444891.0,16969660.0,3117.0
92016,1,1,26254.0,141771.0,5400.0
92016,2,1,180149.0,284549.0,1580.0
92016,5,1,423695.0,3406860.0,8041.0
92016,7,1,5444891.0,16969660.0,3117.0
102016,1,1,26254.0,141771.0,5400.0
102016,2,1,180149.0,284549.0,1580.0
102016,5,1,423695.0,3406860.0,8041.0
102016,7,1,5444891.0,16969660.0,3117.0
112016,1,1,26254.0,141771.0,5400.0
112016,2,1,180149.0,284549.0,1580.0
112016,5,1,423695.0,3406860.0,8041.0
112016,7,1,5444891.0,16969660.0,3117.0
122016,1,1,26107.0,117472.0,4500.0
122016,2,1,184854.0,294005.0,1590.0
122016,5,1,413440.0,3303508.0,7990.0
122016,7,1,5449462.0,16824385.0,3087.0
12017,1,1,25848.0,161921.0,6264.0
12017,2,1,197931.0,350139.0,1769.0
12017,5,1,500587.0,4400229.0,8790.0
12017,7,1,5349774.0,18524206.0,3463.0
22017,1,1,25076.0,161636.0,6446.0
22017,2,1,197981.0,361644.0,1827.0
22017,5,1,500587.0,4434675.0,8859.0
22017,7,1,5355174.0,18809432.0,3512.0
32017,1,1,24876.0,162716.0,6541.0
32017,2,1,197981.0,361644.0,1827.0
32017,5,1,502747.0,4609003.0,9168.0
32017,7,1,5353745.0,19234633.0,3593.0
42017,1,1,24876.0,162716.0,6541.0
42017,2,1,197981.0,361644.0,1827.0
42017,5,1,502806.0,4646548.0,9241.0
42017,7,1,5363973.0,19584146.0,3651.0
52017,1,1,25111.0,163078.0,6494.0
52017,2,1,194051.0,364687.0,1879.0
52017,5,1,503606.0,4765912.0,9464.0
52017,7,1,5252733.0,19536332.0,3719.0
62017,1,1,25111.0,163078.0,6494.0
62017,2,1,194051.0,364687.0,1879.0
62017,5,1,503606.0,4765912.0,9464.0
62017,7,1,5253033.0,19618069.0,3735.0
72017,1,1,25111.0,163078.0,6494.0
72017,2,1,193434.0,367848.0,1902.0
72017,5,1,512533.0,4889083.0,9539.0
72017,7,1,5259903.0,19647675.0,3735.0
82017,1,1,25111.0,163078.0,6494.0
82017,2,1,193434.0,367848.0,1902.0
82017,5,1,512533.0,4889083.0,9539.0
82017,7,1,5259903.0,19647675.0,3735.0
92017,1,1,24989.0,165347.0,6617.0
92017,2,1,194108.0,368207.0,1897.0
92017,5,1,513627.0,4931876.0,9602.0
92017,7,1,5271629.0,19817679.0,3759.0
102017,1,1,24989.0,165347.0,6617.0
102017,2,1,194108.0,368207.0,1897.0
102017,5,1,513627.0,4931876.0,9602.0
102017,7,1,5271629.0,19817679.0,3759.0
112017,1,1,24989.0,165347.0,6617.0
112017,2,1,194108.0,368207.0,1897.0
112017,5,1,513627.0,4931876.0,9602.0
112017,7,1,5271629.0,19817679.0,3759.0
122017,1,1,24989.0,165347.0,6617.0
122017,2,1,194108.0,368207.0,1897.0
122017,5,1,513627.0,4931876.0,9602.0
122017,7,1,5271629.0,19817679.0,3759.0
12018,1,1,23671.0,159570.0,6741.0
12018,2,1,197719.0,317660.0,1607.0
12018,5,1,333153.0,2985246.0,8961.0
12018,7,1,5575490.0,19453171.0,3489.0
22018,1,1,23590.0,149359.0,6331.0
22018,2,1,195889.0,307975.0,1572.0
22018,5,1,332833.0,2973351.0,8933.0
22018,7,1,5574586.0,19478376.0,3494.0
32018,1,1,23835.0,144483.0,6062.0
32018,2,1,195889.0,307975.0,1572.0
32018,5,1,328401.0,2854481.0,8692.0
32018,7,1,5552232.0,19311978.0,3478.0
42018,1,1,23835.0,144483.0,6062.0
42018,2,1,195889.0,307975.0,1572.0
42018,5,1,328401.0,2822106.0,8593.0
42018,7,1,5552520.0,19266672.0,3470.0
52018,1,1,23138.0,131317.0,5675.0
52018,2,1,195889.0,307975.0,1572.0
52018,5,1,330201.0,2887598.0,8745.0
52018,7,1,5552520.0,19266672.0,3470.0
62018,1,1,23138.0,131317.0,5675.0
62018,2,1,195889.0,307975.0,1572.0
62018,5,1,330201.0,2887598.0,8745.0
62018,7,1,5552520.0,19266672.0,3470.0
72018,1,1,23138.0,131317.0,5675.0
72018,2,1,195889.0,307975.0,1572.0
72018,5,1,330201.0,2887598.0,8745.0
72018,7,1,5552520.0,19266672.0,3470.0
82018,1,1,23138.0,131317.0,5675.0
82018,2,1,195889.0,307975.0,1572.0
82018,5,1,330201.0,2887598.0,8745.0
82018,7,1,5552520.0,19266672.0,3470.0
92018,1,1,23138.0,131317.0,5675.0
92018,2,1,195889.0,307975.0,1572.0
92018,5,1,330201.0,2887598.0,8745.0
92018,7,1,5552520.0,19266672.0,3470.0
102018,1,1,23138.0,131317.0,5675.0
102018,2,1,195889.0,307975.0,1572.0
102018,5,1,330201.0,2887598.0,8745.0
102018,7,1,5552520.0,19266672.0,3470.0
112018,1,1,23138.0,131317.0,5675.0
112018,2,1,195889.0,307975.0,1572.0
112018,5,1,330201.0,2887598.0,8745.0
112018,7,1,5552520.0,19266672.0,3470.0
122018,1,1,23138.0,131317.0,5675.0
122018,2,1,195889.0,307975.0,1572.0
122018,5,1,330201.0,2887598.0,8745.0
122018,7,1,5552520.0,19266672.0,3470.0
12019,1,1,23105.0,161518.0,6991.0
12019,2,1,162306.0,260375.0,1604.0
12019,5,1,356022.0,3100000.0,8707.0
12019,7,1,5532698.0,17052153.0,3082.0
22019,1,1,23105.0,160030.0,6926.0
22019,2,1,162306.0,248322.0,1530.0
22019,5,1,356022.0,3096110.0,8696.0
22019,7,1,5537221.0,16548648.0,2989.0
32019,1,1,23105.0,160030.0,6926.0
32019,2,1,162306.0,248322.0,1530.0
32019,5,1,356022.0,3096110.0,8696.0
32019,7,1,5543887.0,16329725.0,2946.0
42019,1,1,23215.0,158790.0,6840.0
42019,2,1,162306.0,248322.0,1530.0
42019,5,1,358479.0,3156605.0,8806.0
42019,7,1,5437439.0,16254411.0,2989.0
52019,1,1,23378.0,142463.0,6094.0
52019,2,1,162322.0,247089.0,1522.0
52019,5,1,358779.0,3166720.0,8826.0
52019,7,1,5439039.0,16231264.0,2984.0
62019,1,1,23378.0,142250.0,6085.0
62019,2,1,162327.0,247092.0,1522.0
62019,5,1,359879.0,3173825.0,8819.0
62019,7,1,5441991.0,16220624.0,2981.0
72019,1,1,23378.0,142278.0,6086.0
72019,2,1,162327.0,247092.0,1522.0
72019,5,1,359879.0,3139800.0,8725.0
72019,7,1,5437391.0,16209573.0,2981.0
82019,1,1,23378.0,142278.0,6086.0
82019,2,1,162327.0,247092.0,1522.0
82019,5,1,358888.0,3139820.0,8749.0
82019,7,1,5442361.0,16247994.0,2985.0
92019,1,1,23078.0,134649.0,5835.0
92019,2,1,162327.0,247092.0,1522.0
92019,5,1,360095.0,3159735.0,8775.0
92019,7,1,5447916.0,16164807.0,2967.0
102019,1,1,23078.0,134649.0,5835.0
102019,2,1,162327.0,247092.0,1522.0
102019,5,1,360095.0,3159735.0,8775.0
102019,7,1,5447916.0,16164807.0,2967.0
112019,1,1,23078.0,134649.0,5835.0
112019,2,1,162327.0,247092.0,1522.0
112019,5,1,360095.0,3159735.0,8775.0
112019,7,1,5447916.0,16164807.0,2967.0
122019,1,1,23078.0,134649.0,5835.0
122019,2,1,162327.0,247092.0,1522.0
122019,5,1,360095.0,3159735.0,8775.0
122019,7,1,5447916.0,16164807.0,2967.0
12020,1,1,21530.0,151462.0,7035.0
12020,2,1,152221.0,305593.0,2008.0
12020,5,1,348801.0,3246989.0,9309.0
12020,7,1,5500482.0,19800869.0,3600.0
22020,1,1,21532.0,153467.0,7127.0
22020,2,1,152231.0,319002.0,2096.0
22020,5,1,348801.0,3308937.0,9487.0
22020,7,1,5501182.0,20450310.0,3717.0
32020,1,1,21822.0,140597.0,6443.0
32020,2,1,152341.0,319798.0,2099.0
32020,5,1,351971.0,3453339.0,9811.0
32020,7,1,5504222.0,20806623.0,3780.0
42020,1,1,21822.0,152400.0,6984.0
42020,2,1,152341.0,323300.0,2122.0
42020,5,1,352600.0,3515300.0,9970.0
42020,7,1,5505872.0,20745400.0,3768.0
52020,1,1,21900.0,153000.0,6986.0
52020,2,1,152341.0,322900.0,2120.0
52020,5,1,352600.0,3533700.0,10022.0
52020,7,1,5503500.0,20754000.0,3771.0
62020,1,1,21700.0,153400.0,7069.0
62020,2,1,152341.0,322900.0,2120.0
62020,5,1,352600.0,3534500.0,10024.0
62020,7,1,5503000.0,20749200.0,3771.0
72020,1,1,21300.0,151500.0,7113.0
72020,2,1,152500.0,319700.0,2096.0
72020,5,1,354100.0,3550900.0,10028.0
72020,7,1,5503200.0,20813000.0,3782.0
82020,1,1,20800.0,150600.0,7240.0
82020,2,1,152500.0,319700.0,2096.0
82020,5,1,355900.0,3564900.0,10017.0
82020,7,1,5505000.0,20755300.0,3770.0
92020,1,1,20800.0,150600.0,7240.0
92020,2,1,152500.0,319700.0,2096.0
92020,5,1,355900.0,3564900.0,10017.0
92020,7,1,5511200.0,20773900.0,3769.0
102020,1,1,21100.0,151600.0,7185.0
102020,2,1,152500.0,319700.0,2096.0
102020,5,1,355900.0,3564900.0,10017.0
102020,7,1,5512600.0,20842400.0,3781.0
112020,1,1,21100.0,151600.0,7185.0
112020,2,1,152400.0,316200.0,2075.0
112020,5,1,355900.0,3564900.0,10017.0
112020,7,1,5512200.0,20841100.0,3781.0
122020,1,1,21100.0,151600.0,7185.0
122020,2,1,152400.0,316200.0,2075.0
122020,5,1,355900.0,3564900.0,10017.0
122020,7,1,5516700.0,20871900.0,3783.0
12021,1,1,21100.0,147500.0,6991.0
12021,2,1,151400.0,283900.0,1875.0
12021,5,1,358700.0,3365200.0,9382.0
12021,7,1,5617100.0,20500700.0,3650.0
22021,1,1,21100.0,148400.0,7033.0
22021,2,1,151700.0,254600.0,1678.0
22021,5,1,359700.0,3171000.0,8816.0
22021,7,1,5616300.0,20449000.0,3641.0
32021,1,1,21100.0,148600.0,7043.0
32021,2,1,152300.0,255400.0,1677.0
32021,5,1,362700.0,3072800.0,8472.0
32021,7,1,5620500.0,20196400.0,3593.0
42021,1,1,21100.0,151100.0,7161.0
42021,2,1,152600.0,256900.0,1683.0
42021,5,1,372000.0,3120100.0,8387.0
42021,7,1,5622500.0,19890100.0,3538.0
52021,1,1,21100.0,155200.0,7355.0
52021,2,1,152600.0,256400.0,1680.0
52021,5,1,372000.0,3116700.0,8378.0
52021,7,1,5623600.0,19887300.0,3536.0
62021,1,1,21100.0,155200.0,7355.0
62021,2,1,152300.0,256500.0,1684.0
62021,5,1,372000.0,3103900.0,8344.0
62021,7,1,5629600.0,19873500.0,3530.0
72021,1,1,21100.0,155200.0,7355.0
72021,2,1,152600.0,257000.0,1684.0
72021,5,1,370600.0,3803700.0,10264.0
72021,7,1,5634900.0,19894400.0,3531.0
82021,1,1,21100.0,155800.0,7384.0
82021,2,1,152600.0,257000.0,1684.0
82021,5,1,372500.0,3115200.0,8363.0
82021,7,1,5629100.0,19854400.0,3527.0
92021,1,1,21100.0,156000.0,7393.0
92021,2,1,152600.0,257000.0,1684.0
92021,5,1,372500.0,3115200.0,8363.0
92021,7,1,5629100.0,19853900.0,3527.0
102021,1,1,21100.0,156000.0,7393.0
102021,2,1,152600.0,257000.0,1684.0
102021,5,1,372500.0,3115200.0,8363.0
102021,7,1,5629100.0,19853900.0,3527.0
112021,1,1,21000.0,152500.0,7262.0
112021,2,1,152600.0,257000.0,1684.0
112021,5,1,372700.0,3116800.0,8363.0
112021,7,1,5629000.0,19854000.0,3527.0
122021,1,1,21000.0,152500.0,7262.0
122021,2,1,152600.0,257000.0,1684.0
122021,5,1,372700.0,3116800.0,8363.0
122021,7,1,5629000.0,19854000.0,3527.0
12022,1,1,21800.0,152700.0,7005.0
12022,2,1,141000.0,190400.0,1350.0
12022,5,1,437500.0,2726600.0,6232.0
12022,7,1,5728800.0,13165100.0,2298.0
22022,1,1,21600.0,153200.0,7093.0
22022,2,1,140900.0,185800.0,1319.0
22022,5,1,434200.0,2764600.0,6367.0
22022,7,1,5691600.0,11764900.0,2067.0
32022,1,1,21668.0,140738.0,6495.0
32022,2,1,139140.0,194959.0,1401.0
32022,5,1,433371.0,2892905.0,6675.0
32022,7,1,5698769.0,11702387.0,2053.0
42022,1,1,21668.0,140900.0,6503.0
42022,2,1,139140.0,195100.0,1402.0
42022,5,1,433700.0,2941400.0,6782.0
42022,7,1,5702400.0,11967800.0,2099.0
52022,1,1,21668.0,133300.0,6152.0
52022,2,1,139300.0,195600.0,1404.0
52022,5,1,432900.0,2969800.0,6860.0
52022,7,1,5704200.0,12170100.0,2134.0
62022,1,1,21668.0,142000.0,6553.0
62022,2,1,139300.0,195600.0,1404.0
62022,5,1,431700.0,2970700.0,6881.0
62022,7,1,5702200.0,12189300.0,2138.0
72022,1,1,21668.0,143700.0,6632.0
72022,2,1,139300.0,195600.0,1404.0
72022,5,1,432000.0,2973200.0,6882.0
72022,7,1,5705900.0,12218100.0,2141.0
82022,1,1,21668.0,143700.0,6632.0
82022,2,1,139300.0,195600.0,1404.0
82022,5,1,432000.0,2961900.0,6856.0
82022,7,1,5720500.0,12193600.0,2132.0
92022,1,1,21505.0,140900.0,6552.0
92022,2,1,139300.0,195600.0,1404.0
92022,5,1,431470.0,2961944.0,6865.0
92022,7,1,5720696.0,12185395.0,2130.0
102022,1,1,21505.0,140900.0,6552.0
102022,2,1,139300.0,195600.0,1404.0
102022,5,1,432100.0,2963800.0,6859.0
102022,7,1,5720696.0,12185395.0,2130.0
112022,1,1,21505.0,140900.0,6552.0
112022,2,1,139300.0,195600.0,1404.0
112022,5,1,432100.0,2963800.0,6859.0
112022,7,1,5720696.0,12185395.0,2130.0
122022,1,1,21505.0,140900.0,6552.0
122022,2,1,139300.0,195600.0,1404.0
122022,5,1,432100.0,2963800.0,6859.0
122022,7,1,5720696.0,12185395.0,2130.0
12023,1,1,20900.0,156100.0,7469.0
12023,2,1,115900.0,195800.0,1689.0
12023,5,1,386700.0,3692500.0,9549.0
12023,7,1,5788000.0,20859100.0,3604.0
22023,1,1,20900.0,156100.0,7469.0
22023,2,1,114965.0,193269.0,1681.0
22023,5,1,386485.0,3696422.0,9564.0
22023,7,1,5803749.0,21036197.0,3625.0
32023,1,1,21000.0,157300.0,7490.0
32023,2,1,114965.0,197400.0,1717.0
32023,5,1,387200.0,3758800.0,9708.0
32023,7,1,5816700.0,22322000.0,3838.0
42023,1,1,21000.0,157400.0,7495.0
42023,2,1,114965.0,197600.0,1719.0
42023,5,1,385800.0,3793000.0,9832.0
42023,7,1,5815800.0,22517400.0,3872.0
52023,1,1,21000.0,160300.0,7633.0
52023,2,1,115400.0,198200.0,1718.0
52023,5,1,385300.0,3827500.0,9934.0
52023,7,1,5832400.0,22479100.0,3854.0
62023,1,1,21000.0,160300.0,7633.0
62023,2,1,115400.0,198200.0,1718.0
62023,5,1,385300.0,3827500.0,9934.0
62023,7,1,5832400.0,22479100.0,3854.0
72023,1,1,21000.0,160500.0,7643.0
72023,2,1,115900.0,199000.0,1717.0
72023,5,1,384700.0,3817800.0,9924.0
72023,7,1,5834700.0,22544500.0,3864.0
82023,1,1,21200.0,162000.0,7642.0
82023,2,1,115900.0,199000.0,1717.0
82023,5,1,379100.0,3786800.0,9989.0
82023,7,1,5841400.0,22544900.0,3860.0
92023,1,1,20600.0,156200.0,7583.0
92023,2,1,115900.0,199000.0,1717.0
92023,5,1,379100.0,3784700.0,9983.0
92023,7,1,5832500.0,22505600.0,3859.0
102023,1,1,20600.0,156200.0,7583.0
102023,2,1,115900.0,199000.0,1717.0
102023,5,1,379100.0,3783500.0,9980.0
102023,7,1,5831500.0,22485000.0,3856.0
112023,1,1,20600.0,155200.0,7534.0
112023,2,1,115900.0,199000.0,1717.0
112023,5,1,379100.0,3783500.0,9980.0
112023,7,1,5831500.0,22511700.0,3860.0
122023,1,1,20600.0,156200.0,7583.0
122023,2,1,115900.0,199000.0,1717.0
122023,5,1,379100.0,3782300.0,9977.0
122023,7,1,5834000.0,22455000.0,3849.0
12024,1,1,19500.0,117500.0,6026.0
12024,2,1,112600.0,156400.0,1389.0
12024,5,1,291500.0,2611900.0,8960.0
12024,7,1,5822300.0,19369400.0,3327.0
22024,1,1,19500.0,125700.0,6446.0
22024,2,1,113000.0,167200.0,1480.0
22024,5,1,296500.0,2591500.0,8740.0
22024,7,1,5813300.0,18357900.0,3158.0
32024,1,1,20000.0,125500.0,6275.0
32024,2,1,113100.0,168700.0,1492.0
32024,5,1,296700.0,2548600.0,8590.0
32024,7,1,5815700.0,18449100.0,3172.0
42024,1,1,19000.0,126600.0,6663.0
42024,2,1,113800.0,171600.0,1508.0
42024,5,1,296300.0,2526600.0,8527.0
42024,7,1,5814700.0,18474800.0,3177.0
52024,1,1,19500.0,129200.0,6626.0
52024,2,1,113800.0,170300.0,1496.0
52024,5,1,296400.0,2552800.0,8613.0
52024,7,1,5819100.0,18512700.0,3181.0
62024,1,1,18200.0,119300.0,6555.0
62024,2,1,114800.0,172300.0,1501.0
62024,5,1,297200.0,2555600.0,8599.0
62024,7,1,5819700.0,18570200.0,3191.0
72024,1,1,19500.0,120600.0,6185.0
72024,2,1,107800.0,160400.0,1488.0
72024,5,1,296000.0,2543000.0,8591.0
72024,7,1,5824800.0,18657300.0,3203.0
82024,1,1,19500.0,120600.0,6185.0
82024,2,1,107800.0,160400.0,1488.0
82024,5,1,296000.0,2543100.0,8592.0
82024,7,1,5835400.0,18687700.0,3202.0
92024,1,1,19500.0,121700.0,6241.0
92024,2,1,107800.0,160400.0,1488.0
92024,5,1,294400.0,2524500.0,8575.0
92024,7,1,5835100.0,18639100.0,3194.0
102024,1,1,19500.0,121700.0,6241.0
102024,2,1,107800.0,160400.0,1488.0
102024,5,1,294400.0,2524800.0,8576.0
102024,7,1,5835100.0,18639000.0,3194.0
112024,1,1,19500.0,130200.0,6677.0
112024,2,1,107800.0,160400.0,1488.0
112024,5,1,294400.0,2525000.0,8577.0
112024,7,1,5835000.0,18643100.0,3195.0
122024,1,1,19500.0,130200.0,6677.0
122024,2,1,107800.0,160400.0,1488.0
122024,5,1,294400.0,2525000.0,8577.0
122024,7,1,5835000.0,18643000.0,3195.0
12016,1,2,147601.0,1064326.0,7211.0
12016,2,2,46355.0,93030.0,2007.0
12016,5,2,370000.0,2775000.0,7500.0
12016,7,2,635000.0,2095500.0,3300.0
22016,1,2,147601.0,1064326.0,7211.0
22016,2,2,46355.0,93030.0,2007.0
22016,5,2,370000.0,2775000.0,7500.0
22016,7,2,635000.0,2095500.0,3300.0
32016,1,2,147714.0,1054768.0,7141.0
32016,2,2,44737.0,83247.0,1861.0
32016,5,2,370000.0,2775000.0,7500.0
32016,7,2,645000.0,2128500.0,3300.0
42016,1,2,147714.0,1054768.0,7141.0
42016,2,2,44737.0,83247.0,1861.0
42016,5,2,370000.0,2775000.0,7500.0
42016,7,2,645000.0,2128500.0,3300.0
52016,1,2,147714.0,1054768.0,7141.0
52016,2,2,44737.0,83247.0,1861.0
52016,5,2,370000.0,2775000.0,7500.0
52016,7,2,645000.0,2128500.0,3300.0
62016,1,2,147436.0,1049602.0,7119.0
62016,2,2,44695.0,81229.0,1817.0
62016,5,2,370000.0,2701000.0,7300.0
62016,7,2,660661.0,2140061.0,3239.0
72016,1,2,147436.0,1049602.0,7119.0
72016,2,2,44695.0,81229.0,1817.0
72016,5,2,370000.0,2701000.0,7300.0
72016,7,2,660661.0,2140061.0,3239.0
82016,1,2,147436.0,1049602.0,7119.0
82016,2,2,44695.0,81229.0,1817.0
82016,5,2,370000.0,2701000.0,7300.0
82016,7,2,660661.0,2140061.0,3239.0
92016,1,2,147436.0,1050859.0,7128.0
92016,2,2,44695.0,81227.0,1817.0
92016,5,2,360341.0,2530363.0,7022.0
92016,7,2,660761.0,2139611.0,3238.0
102016,1,2,147436.0,1050859.0,7128.0
102016,2,2,44695.0,81227.0,1817.0
102016,5,2,360341.0,2530363.0,7022.0
102016,7,2,660761.0,2139611.0,3238.0
112016,1,2,147436.0,1050859.0,7128.0
112016,2,2,44695.0,81227.0,1817.0
112016,5,2,360341.0,2530363.0,7022.0
112016,7,2,660761.0,2139611.0,3238.0
122016,1,2,147436.0,1050859.0,7128.0
122016,2,2,44695.0,81227.0,1817.0
122016,5,2,360341.0,2530363.0,7022.0
122016,7,2,660761.0,2139611.0,3238.0
12017,1,2,147581.0,1078015.0,7305.0
12017,2,2,48982.0,100651.0,2055.0
12017,5,2,377138.0,2910600.0,7718.0
12017,7,2,647158.0,2220414.0,3431.0
22017,1,2,147581.0,1078015.0,7305.0
22017,2,2,48982.0,100651.0,2055.0
22017,5,2,377138.0,2910600.0,7718.0
22017,7,2,647158.0,2220414.0,3431.0
32017,1,2,147745.0,1102206.0,7460.0
32017,2,2,49014.0,102711.0,2096.0
32017,5,2,372513.0,3061562.0,8219.0
32017,7,2,651753.0,2328510.0,3573.0
42017,1,2,147745.0,1102206.0,7460.0
42017,2,2,49014.0,102711.0,2096.0
42017,5,2,372513.0,3061562.0,8219.0
42017,7,2,651753.0,2328510.0,3573.0
52017,1,2,147745.0,1102206.0,7460.0
52017,2,2,49014.0,102711.0,2096.0
52017,5,2,372513.0,3061562.0,8219.0
52017,7,2,651753.0,2328510.0,3573.0
62017,1,2,147691.0,1134069.0,7679.0
62017,2,2,49233.0,105809.0,2149.0
62017,5,2,369813.0,3108536.0,8406.0
62017,7,2,658932.0,2429932.0,3688.0
72017,1,2,147691.0,1134069.0,7679.0
72017,2,2,49233.0,105809.0,2149.0
72017,5,2,369813.0,3108536.0,8406.0
72017,7,2,658932.0,2429932.0,3688.0
82017,1,2,147691.0,1134069.0,7679.0
82017,2,2,49233.0,105809.0,2149.0
82017,5,2,369813.0,3108536.0,8406.0
82017,7,2,658932.0,2429932.0,3688.0
92017,1,2,147691.0,1134069.0,7679.0
92017,2,2,49233.0,105809.0,2149.0
92017,5,2,369813.0,3108536.0,8406.0
92017,7,2,658932.0,2429932.0,3688.0
102017,1,2,147691.0,1134069.0,7679.0
102017,2,2,49233.0,105809.0,2149.0
102017,5,2,369813.0,3108536.0,8406.0
102017,7,2,658932.0,2429932.0,3688.0
112017,1,2,147691.0,1134069.0,7679.0
112017,2,2,49233.0,105809.0,2149.0
112017,5,2,369813.0,3108536.0,8406.0
112017,7,2,658932.0,2429932.0,3688.0
122017,1,2,147691.0,1134069.0,7679.0
122017,2,2,49233.0,105809.0,2149.0
122017,5,2,369813.0,3108536.0,8406.0
122017,7,2,658932.0,2429932.0,3688.0
12018,1,2,147581.0,1078015.0,7305.0
12018,2,2,50350.0,108144.0,2148.0
12018,5,2,346103.0,2771096.0,8007.0
12018,7,2,676382.0,2384295.0,3525.0
22018,1,2,147581.0,1078015.0,7305.0
22018,2,2,50350.0,108144.0,2148.0
22018,5,2,346103.0,2771096.0,8007.0
22018,7,2,676382.0,2384295.0,3525.0
32018,1,2,147581.0,1078015.0,7305.0
32018,2,2,50350.0,108144.0,2148.0
32018,5,2,346103.0,2771096.0,8007.0
32018,7,2,676382.0,2384295.0,3525.0
42018,1,2,146080.0,1073549.0,7349.0
42018,2,2,51893.0,98299.0,1894.0
42018,5,2,325107.0,2564439.0,7888.0
42018,7,2,676382.0,2384295.0,3525.0
52018,1,2,146080.0,1073549.0,7349.0
52018,2,2,51893.0,98299.0,1894.0
52018,5,2,325107.0,2564439.0,7888.0
52018,7,2,676382.0,2384295.0,3525.0
62018,1,2,146080.0,1073549.0,7349.0
62018,2,2,51893.0,98299.0,1894.0
62018,5,2,325107.0,2564439.0,7888.0
62018,7,2,676382.0,2384295.0,3525.0
72018,1,2,146080.0,1073549.0,7349.0
72018,2,2,51893.0,98299.0,1894.0
72018,5,2,325107.0,2564439.0,7888.0
72018,7,2,676382.0,2384295.0,3525.0
82018,1,2,146080.0,1073549.0,7349.0
82018,2,2,51893.0,98299.0,1894.0
82018,5,2,325107.0,2564439.0,7888.0
82018,7,2,676382.0,2384295.0,3525.0
92018,1,2,143575.0,1093096.0,7613.0
92018,2,2,49565.0,91359.0,1843.0
92018,5,2,331069.0,2556478.0,7722.0
92018,7,2,676093.0,2349476.0,3475.0
102018,1,2,143575.0,1093096.0,7613.0
102018,2,2,49565.0,91359.0,1843.0
102018,5,2,331069.0,2556478.0,7722.0
102018,7,2,676093.0,2349476.0,3475.0
112018,1,2,143575.0,1093096.0,7613.0
112018,2,2,49565.0,91359.0,1843.0
112018,5,2,331069.0,2556478.0,7722.0
112018,7,2,676093.0,2349476.0,3475.0
122018,1,2,143575.0,1093096.0,7613.0
122018,2,2,49565.0,91359.0,1843.0
122018,5,2,331069.0,2556478.0,7722.0
122018,7,2,676093.0,2349476.0,3475.0
12019,1,2,142682.0,1093373.0,7663.0
12019,2,2,38885.0,77534.0,1994.0
12019,5,2,348428.0,2796975.0,8027.0
12019,7,2,654892.0,2331211.0,3560.0
22019,1,2,142682.0,1093373.0,7663.0
22019,2,2,38885.0,77534.0,1994.0
22019,5,2,348428.0,2796975.0,8027.0
22019,7,2,654892.0,2331211.0,3560.0
32019,1,2,143204.0,1076808.0,7519.0
32019,2,2,37380.0,75251.0,2013.0
32019,5,2,345555.0,2798996.0,8100.0
32019,7,2,663643.0,2326692.0,3506.0
42019,1,2,143204.0,1076808.0,7519.0
42019,2,2,37380.0,75251.0,2013.0
42019,5,2,345555.0,2798996.0,8100.0
42019,7,2,663643.0,2326692.0,3506.0
52019,1,2,143204.0,1076808.0,7519.0
52019,2,2,37380.0,75251.0,2013.0
52019,5,2,345555.0,2798996.0,8100.0
52019,7,2,663643.0,2326692.0,3506.0
62019,1,2,143204.0,1076808.0,7519.0
62019,2,2,37380.0,75251.0,2013.0
62019,5,2,345555.0,2798996.0,8100.0
62019,7,2,663643.0,2326692.0,3506.0
72019,1,2,143075.0,1062286.0,7425.0
72019,2,2,37054.0,72640.0,1960.0
72019,5,2,344469.0,2773257.0,8051.0
72019,7,2,664965.0,2418181.0,3637.0
82019,1,2,143075.0,1062286.0,7425.0
82019,2,2,37054.0,72640.0,1960.0
82019,5,2,344469.0,2773257.0,8051.0
82019,7,2,664965.0,2418181.0,3637.0
92019,1,2,143075.0,1062286.0,7425.0
92019,2,2,37054.0,72640.0,1960.0
92019,5,2,344469.0,2773257.0,8051.0
92019,7,2,664965.0,2418181.0,3637.0
102019,1,2,143075.0,1062286.0,7425.0
102019,2,2,37054.0,72640.0,1960.0
102019,5,2,344359.0,2773257.0,8053.0
102019,7,2,664965.0,2418181.0,3637.0
112019,1,2,143075.0,1062286.0,7425.0
112019,2,2,37054.0,72640.0,1960.0
112019,5,2,344359.0,2773257.0,8053.0
112019,7,2,664965.0,2418181.0,3637.0
122019,1,2,143075.0,1062286.0,7425.0
122019,2,2,37054.0,72640.0,1960.0
122019,5,2,344359.0,2773257.0,8053.0
122019,7,2,664965.0,2418181.0,3637.0
12020,1,2,142968.0,1067995.0,7470.0
12020,2,2,34493.0,73821.0,2140.0
12020,5,2,341845.0,2782881.0,8141.0
12020,7,2,670385.0,2389525.0,3564.0
22020,1,2,142968.0,1067995.0,7470.0
22020,2,2,34493.0,73821.0,2140.0
22020,5,2,341845.0,2782881.0,8141.0
22020,7,2,670385.0,2389525.0,3564.0
32020,1,2,142722.0,1130067.0,7918.0
32020,2,2,34944.0,63506.0,1817.0
32020,5,2,341743.0,2781620.0,8140.0
32020,7,2,665161.0,2332759.0,3507.0
42020,1,2,142722.0,1130067.0,7918.0
42020,2,2,34944.0,63506.0,1817.0
42020,5,2,341743.0,2781620.0,8140.0
42020,7,2,665161.0,2332759.0,3507.0
52020,1,2,142722.0,1130067.0,7918.0
52020,2,2,34944.0,63506.0,1817.0
52020,5,2,341743.0,2781620.0,8140.0
52020,7,2,665161.0,2332759.0,3507.0
62020,1,2,142722.0,1130067.0,7918.0
62020,2,2,34944.0,63506.0,1817.0
62020,5,2,341743.0,2781620.0,8140.0
62020,7,2,665161.0,2332759.0,3507.0
72020,1,2,148988.0,1216132.0,8163.0
72020,2,2,34844.0,62629.0,1797.0
72020,5,2,341280.0,2699729.0,7911.0
72020,7,2,664845.0,2244245.0,3376.0
82020,1,2,148988.0,1216132.0,8163.0
82020,2,2,34844.0,62629.0,1797.0
82020,5,2,341280.0,2699729.0,7911.0
82020,7,2,664845.0,2244245.0,3376.0
92020,1,2,148988.0,1216132.0,8163.0
92020,2,2,34844.0,62629.0,1797.0
92020,5,2,341280.0,2699729.0,7911.0
92020,7,2,664845.0,2244245.0,3376.0
102020,1,2,148988.0,1216132.0,8163.0
102020,2,2,34844.0,62629.0,1797.0
102020,5,2,341280.0,2699729.0,7911.0
102020,7,2,664845.0,2244245.0,3376.0
112020,1,2,148988.0,1216132.0,8163.0
112020,2,2,34844.0,62629.0,1797.0
112020,5,2,341280.0,2699729.0,7911.0
112020,7,2,664845.0,2244245.0,3376.0
122020,1,2,148988.0,1216132.0,8163.0
122020,2,2,34844.0,62629.0,1797.0
122020,5,2,341280.0,2699729.0,7911.0
122020,7,2,664845.0,2244245.0,3376.0
12021,1,2,149137.0,1166152.0,7819.0
12021,2,2,32774.0,70594.0,2154.0
12021,5,2,346309.0,2760641.0,7972.0
12021,7,2,670394.0,2368210.0,3533.0
22021,1,2,149137.0,1166152.0,7819.0
22021,2,2,32774.0,70594.0,2154.0
22021,5,2,346309.0,2760641.0,7972.0
22021,7,2,670394.0,2368210.0,3533.0
32021,1,2,149235.0,1157868.0,7759.0
32021,2,2,32769.0,63453.0,1936.0
32021,5,2,336556.0,2200000.0,6537.0
32021,7,2,680000.0,2343625.0,3447.0
42021,1,2,149235.0,1157868.0,7759.0
42021,2,2,32769.0,63453.0,1936.0
42021,5,2,336556.0,2200000.0,6537.0
42021,7,2,680000.0,2343625.0,3447.0
52021,1,2,149235.0,1157868.0,7759.0
52021,2,2,32769.0,63453.0,1936.0
52021,5,2,336556.0,2200000.0,6537.0
52021,7,2,680000.0,2343625.0,3447.0
62021,1,2,149235.0,1157868.0,7759.0
62021,2,2,32769.0,63453.0,1936.0
62021,5,2,336556.0,2200000.0,6537.0
62021,7,2,680000.0,2343625.0,3447.0
72021,1,2,149235.0,1157868.0,7759.0
72021,2,2,32769.0,63453.0,1936.0
72021,5,2,336556.0,2200000.0,6537.0
72021,7,2,680000.0,2343625.0,3447.0
82021,1,2,149235.0,1157868.0,7759.0
82021,2,2,32769.0,63453.0,1936.0
82021,5,2,336556.0,2200000.0,6537.0
82021,7,2,680000.0,2343625.0,3447.0
92021,1,2,149235.0,1157868.0,7759.0
92021,2,2,32769.0,63453.0,1936.0
92021,5,2,336556.0,2200000.0,6537.0
92021,7,2,680000.0,2343625.0,3447.0
102021,1,2,149235.0,1157868.0,7759.0
102021,2,2,32769.0,63453.0,1936.0
102021,5,2,336556.0,2200000.0,6537.0
102021,7,2,680000.0,2343625.0,3447.0
112021,1,2,147820.0,1196140.0,8092.0
112021,2,2,33562.0,63856.0,1903.0
112021,5,2,335844.0,2006862.0,5976.0
112021,7,2,688997.0,2339080.0,3395.0
122021,1,2,147820.0,1196140.0,8092.0
122021,2,2,33562.0,63856.0,1903.0
122021,5,2,335844.0,2006862.0,5976.0
122021,7,2,688997.0,2339080.0,3395.0
12022,1,2,148238.0,1147352.0,7740.0
12022,2,2,33500.0,65325.0,1950.0
12022,5,2,344098.0,2408686.0,7000.0
12022,7,2,727293.0,2352183.0,3234.0
22022,1,2,148238.0,1147352.0,7740.0
22022,2,2,33500.0,65325.0,1950.0
22022,5,2,344098.0,2408686.0,7000.0
22022,7,2,727293.0,2352183.0,3234.0
32022,1,2,148281.0,1170689.0,7895.0
32022,2,2,33500.0,52930.0,1580.0
32022,5,2,339257.0,2054536.0,6056.0
32022,7,2,736371.0,2022717.0,2747.0
42022,1,2,148281.0,1170689.0,7895.0
42022,2,2,33500.0,52930.0,1580.0
42022,5,2,339257.0,2054536.0,6056.0
42022,7,2,736371.0,2022717.0,2747.0
52022,1,2,148281.0,1170689.0,7895.0
52022,2,2,33500.0,52930.0,1580.0
52022,5,2,339257.0,2054536.0,6056.0
52022,7,2,736371.0,2022717.0,2747.0
62022,1,2,148281.0,1170689.0,7895.0
62022,2,2,33500.0,52930.0,1580.0
62022,5,2,339257.0,2054536.0,6056.0
62022,7,2,736371.0,2022717.0,2747.0
72022,1,2,148281.0,1170689.0,7895.0
72022,2,2,33500.0,52930.0,1580.0
72022,5,2,339257.0,2054536.0,6056.0
72022,7,2,736371.0,2022717.0,2747.0
82022,1,2,148281.0,1170689.0,7895.0
82022,2,2,33500.0,52930.0,1580.0
82022,5,2,339257.0,2054536.0,6056.0
82022,7,2,736371.0,2022717.0,2747.0
92022,1,2,148281.0,1170689.0,7895.0
92022,2,2,33500.0,52930.0,1580.0
92022,5,2,339257.0,2054536.0,6056.0
92022,7,2,736371.0,2022717.0,2747.0
102022,1,2,148281.0,1170689.0,7895.0
102022,2,2,33500.0,52930.0,1580.0
102022,5,2,339257.0,2054536.0,6056.0
102022,7,2,736371.0,2022717.0,2747.0
112022,1,2,146155.0,1177241.0,8055.0
112022,2,2,34571.0,57083.0,1651.0
112022,5,2,335904.0,2112327.0,6288.0
112022,7,2,752715.0,2163708.0,2875.0
122022,1,2,146155.0,1177241.0,8055.0
122022,2,2,34571.0,57083.0,1651.0
122022,5,2,335904.0,2112327.0,6288.0
122022,7,2,752715.0,2163708.0,2875.0
12023,1,2,146064.0,1168139.0,7997.0
12023,2,2,34610.0,66753.0,1929.0
12023,5,2,336000.0,2587200.0,7700.0
12023,7,2,759824.0,2656607.0,3496.0
22023,1,2,146064.0,1168139.0,7997.0
22023,2,2,34610.0,66753.0,1929.0
22023,5,2,336000.0,2587200.0,7700.0
22023,7,2,759824.0,2656607.0,3496.0
32023,1,2,146064.0,1168139.0,7997.0
32023,2,2,34610.0,66753.0,1929.0
32023,5,2,336000.0,2587200.0,7700.0
32023,7,2,759824.0,2656607.0,3496.0
42023,1,2,143846.0,1173399.0,8157.0
42023,2,2,32651.0,66298.0,2031.0
42023,5,2,328576.0,2604724.0,7927.0
42023,7,2,770392.0,2877541.0,3735.0
52023,1,2,143846.0,1173399.0,8157.0
52023,2,2,32651.0,66298.0,2031.0
52023,5,2,328576.0,2604724.0,7927.0
52023,7,2,770392.0,2877541.0,3735.0
62023,1,2,143846.0,1173399.0,8157.0
62023,2,2,32651.0,66298.0,2031.0
62023,5,2,328576.0,2604724.0,7927.0
62023,7,2,770392.0,2877541.0,3735.0
72023,1,2,143846.0,1173399.0,8157.0
72023,2,2,32651.0,66298.0,2031.0
72023,5,2,328576.0,2604724.0,7927.0
72023,7,2,770392.0,2877541.0,3735.0
82023,1,2,142744.0,1215419.0,8515.0
82023,2,2,30601.0,64299.0,2101.0
82023,5,2,316606.0,2532372.0,7998.0
82023,7,2,775849.0,2972269.0,3831.0
92023,1,2,142744.0,1215419.0,8515.0
92023,2,2,30601.0,64299.0,2101.0
92023,5,2,316606.0,2532372.0,7998.0
92023,7,2,775849.0,2972269.0,3831.0
102023,1,2,142744.0,1215419.0,8515.0
102023,2,2,30601.0,64299.0,2101.0
102023,5,2,316606.0,2532372.0,7998.0
102023,7,2,775849.0,2972269.0,3831.0
112023,1,2,142744.0,1215419.0,8515.0
112023,2,2,30601.0,64299.0,2101.0
112023,5,2,316606.0,2532215.0,7998.0
112023,7,2,775849.0,2972269.0,3831.0
122023,1,2,142744.0,1215419.0,8515.0
122023,2,2,30661.0,64407.0,2101.0
122023,5,2,316606.0,2532215.0,7998.0
122023,7,2,775849.0,2972269.0,3831.0
12024,1,2,143600.0,1168097.0,8134.0
12024,2,2,28849.0,57056.0,1978.0
12024,5,2,292319.0,2337628.0,7997.0
12024,7,2,801383.0,3012334.0,3759.0
22024,1,2,143600.0,1168097.0,8134.0
22024,2,2,28849.0,57056.0,1978.0
22024,5,2,292319.0,2337628.0,7997.0
22024,7,2,801383.0,3012334.0,3759.0
32024,1,2,143057.0,1115533.0,7798.0
32024,2,2,27745.0,49827.0,1796.0
32024,5,2,285410.0,2012141.0,7050.0
32024,7,2,802310.0,2885251.0,3596.0
42024,1,2,143057.0,1115533.0,7798.0
42024,2,2,27745.0,49827.0,1796.0
42024,5,2,285410.0,2012141.0,7050.0
42024,7,2,802310.0,2885251.0,3596.0
52024,1,2,143057.0,1115533.0,7798.0
52024,2,2,27745.0,49827.0,1796.0
52024,5,2,285410.0,2012141.0,7050.0
52024,7,2,802310.0,2885251.0,3596.0
62024,1,2,143057.0,1115533.0,7798.0
62024,2,2,27745.0,49827.0,1796.0
62024,5,2,285410.0,2012141.0,7050.0
62024,7,2,802310.0,2885251.0,3596.0
72024,1,2,143057.0,1115533.0,7798.0
72024,2,2,27745.0,49827.0,1796.0
72024,5,2,285410.0,2012141.0,7050.0
72024,7,2,802310.0,2885251.0,3596.0
82024,1,2,142844.0,1113628.0,7796.0
82024,2,2,28173.0,45469.0,1614.0
82024,5,2,284984.0,1742339.0,6114.0
82024,7,2,811373.0,2722653.0,3356.0
92024,1,2,142844.0,1113628.0,7796.0
92024,2,2,28173.0,45469.0,1614.0
92024,5,2,284984.0,1742339.0,6114.0
92024,7,2,811373.0,2722653.0,3356.0
102024,1,2,142844.0,1113628.0,7796.0
102024,2,2,28173.0,45469.0,1614.0
102024,5,2,284984.0,1742339.0,6114.0
102024,7,2,811373.0,2722653.0,3356.0
112024,1,2,142962.0,1114820.0,7798.0
112024,2,2,28173.0,45469.0,1614.0
112024,5,2,284984.0,1742339.0,6114.0
112024,7,2,811193.0,2722233.0,3356.0
122024,1,2,142962.0,1114820.0,7798.0
122024,2,2,28173.0,45469.0,1614.0
122024,5,2,284984.0,1742339.0,6114.0
122024,7,2,811193.0,2722233.0,3356.0
12016,1,3,1087023.0,8433761.0,7759.0
12016,2,3,41718.0,68006.0,1630.0
12016,5,3,750369.0,4809124.0,6409.0
12016,7,3,5471680.0,16233592.0,2967.0
22016,1,3,1070707.0,8232431.0,7689.0
22016,2,3,41164.0,64250.0,1561.0
22016,5,3,741402.0,4708842.0,6351.0
22016,7,3,5472587.0,16099382.0,2942.0
32016,1,3,1072150.0,8207836.0,7655.0
32016,2,3,40140.0,62008.0,1545.0
32016,5,3,737535.0,4743847.0,6432.0
32016,7,3,5467438.0,15971461.0,2921.0
42016,1,3,1072150.0,8207836.0,7655.0
42016,2,3,40140.0,62008.0,1545.0
42016,5,3,737535.0,4743847.0,6432.0
42016,7,3,5467438.0,15971461.0,2921.0
52016,1,3,1071314.0,7817343.0,7297.0
52016,2,3,40004.0,59638.0,1491.0
52016,5,3,737385.0,4742922.0,6432.0
52016,7,3,5459155.0,16294003.0,2985.0
62016,1,3,1071314.0,7817343.0,7297.0
62016,2,3,40004.0,59638.0,1491.0
62016,5,3,737385.0,4742922.0,6432.0
62016,7,3,5459155.0,16294003.0,2985.0
72016,1,3,1065190.0,7504104.0,7045.0
72016,2,3,40000.0,59603.0,1490.0
72016,5,3,737470.0,4723828.0,6405.0
72016,7,3,5446653.0,16189834.0,2972.0
82016,1,3,1065190.0,7504104.0,7045.0
82016,2,3,40000.0,59603.0,1490.0
82016,5,3,737470.0,4723828.0,6405.0
82016,7,3,5446653.0,16189834.0,2972.0
92016,1,3,1065190.0,7504104.0,7045.0
92016,2,3,40000.0,59603.0,1490.0
92016,5,3,737470.0,4723828.0,6405.0
92016,7,3,5446653.0,16189834.0,2972.0
102016,1,3,1062487.0,7493431.0,7053.0
102016,2,3,40000.0,59557.0,1489.0
102016,5,3,738370.0,4729948.0,6406.0
102016,7,3,5446653.0,16189834.0,2972.0
112016,1,3,1062487.0,7493431.0,7053.0
112016,2,3,40000.0,59557.0,1489.0
112016,5,3,738370.0,4729948.0,6406.0
112016,7,3,5446653.0,16189834.0,2972.0
122016,1,3,1062487.0,7493431.0,7053.0
122016,2,3,40000.0,59557.0,1489.0
122016,5,3,738370.0,4729948.0,6406.0
122016,7,3,5436653.0,16206334.0,2981.0
12017,1,3,1089608.0,8315795.0,7632.0
12017,2,3,42746.0,69715.0,1631.0
12017,5,3,821400.0,5566945.0,6777.0
12017,7,3,5463281.0,16378540.0,2998.0
22017,1,3,1100343.0,8419726.0,7652.0
22017,2,3,44308.0,75900.0,1713.0
22017,5,3,821669.0,5691765.0,6927.0
22017,7,3,5499742.0,16669229.0,3031.0
32017,1,3,1102346.0,8540078.0,7747.0
32017,2,3,42503.0,75699.0,1781.0
32017,5,3,824138.0,5856715.0,7106.0
32017,7,3,5495762.0,17261914.0,3141.0
42017,1,3,1102346.0,8540078.0,7747.0
42017,2,3,42503.0,75699.0,1781.0
42017,5,3,824138.0,5856715.0,7106.0
42017,7,3,5495762.0,17261914.0,3141.0
52017,1,3,1101929.0,8613467.0,7817.0
52017,2,3,42488.0,74949.0,1764.0
52017,5,3,826983.0,6038683.0,7302.0
52017,7,3,5526933.0,18575434.0,3361.0
62017,1,3,1101929.0,8613467.0,7817.0
62017,2,3,42488.0,74949.0,1764.0
62017,5,3,826983.0,6038683.0,7302.0
62017,7,3,5526933.0,18575434.0,3361.0
72017,1,3,1102017.0,8733110.0,7925.0
72017,2,3,42416.0,74770.0,1763.0
72017,5,3,830216.0,6062550.0,7302.0
72017,7,3,5537028.0,18744181.0,3385.0
82017,1,3,1102017.0,8733110.0,7925.0
82017,2,3,42416.0,74770.0,1763.0
82017,5,3,830216.0,6062550.0,7302.0
82017,7,3,5537028.0,18744181.0,3385.0
92017,1,3,1102017.0,8733110.0,7925.0
92017,2,3,42416.0,74770.0,1763.0
92017,5,3,830216.0,6062550.0,7302.0
92017,7,3,5537028.0,18744181.0,3385.0
102017,1,3,1102017.0,8733110.0,7925.0
102017,2,3,42416.0,74770.0,1763.0
102017,5,3,830216.0,6062550.0,7302.0
102017,7,3,5537028.0,18744181.0,3385.0
112017,1,3,1102017.0,8733110.0,7925.0
112017,2,3,42416.0,74770.0,1763.0
112017,5,3,830216.0,6062550.0,7302.0
112017,7,3,5537028.0,18744181.0,3385.0
122017,1,3,1102017.0,8732042.0,7924.0
122017,2,3,42416.0,74770.0,1763.0
122017,5,3,830216.0,6062550.0,7302.0
122017,7,3,5537028.0,18744181.0,3385.0
12018,1,3,1077304.0,8319362.0,7722.0
12018,2,3,40246.0,68642.0,1706.0
12018,5,3,713219.0,4881505.0,6844.0
12018,7,3,5674433.0,17815951.0,3140.0
22018,1,3,1077304.0,8319362.0,7722.0
22018,2,3,40246.0,68642.0,1706.0
22018,5,3,713219.0,4881505.0,6844.0
22018,7,3,5674433.0,17815951.0,3140.0
32018,1,3,1077304.0,8319362.0,7722.0
32018,2,3,40246.0,68642.0,1706.0
32018,5,3,713219.0,4881505.0,6844.0
32018,7,3,5674433.0,17815951.0,3140.0
42018,1,3,1065348.0,8131261.0,7632.0
42018,2,3,39905.0,65810.0,1649.0
42018,5,3,693247.0,4528427.0,6532.0
42018,7,3,5621443.0,17387080.0,3093.0
52018,1,3,1065348.0,8131261.0,7632.0
52018,2,3,39905.0,65810.0,1649.0
52018,5,3,693247.0,4528427.0,6532.0
52018,7,3,5621443.0,17387080.0,3093.0
62018,1,3,1065348.0,8131261.0,7632.0
62018,2,3,39905.0,65810.0,1649.0
62018,5,3,693247.0,4528427.0,6532.0
62018,7,3,5621443.0,17387080.0,3093.0
72018,1,3,1065348.0,8131261.0,7632.0
72018,2,3,39905.0,65810.0,1649.0
72018,5,3,693247.0,4528427.0,6532.0
72018,7,3,5621443.0,17387080.0,3093.0
82018,1,3,1067621.0,8396053.0,7864.0
82018,2,3,39544.0,64376.0,1628.0
82018,5,3,690177.0,4514545.0,6541.0
82018,7,3,5651995.0,17546405.0,3104.0
92018,1,3,1067621.0,8396053.0,7864.0
92018,2,3,39544.0,64376.0,1628.0
92018,5,3,695177.0,4552915.0,6549.0
92018,7,3,5651995.0,17538725.0,3103.0
102018,1,3,1068331.0,8406616.0,7869.0
102018,2,3,39519.0,64321.0,1628.0
102018,5,3,696877.0,4565665.0,6552.0
102018,7,3,5651050.0,17538575.0,3104.0
112018,1,3,1068331.0,8406616.0,7869.0
112018,2,3,39519.0,64321.0,1628.0
112018,5,3,696877.0,4565665.0,6552.0
112018,7,3,5651050.0,17538575.0,3104.0
122018,1,3,1067581.0,8401785.0,7870.0
122018,2,3,39519.0,64321.0,1628.0
122018,5,3,696872.0,4565633.0,6552.0
122018,7,3,5651050.0,17538575.0,3104.0
12019,1,3,1013938.0,7942451.0,7833.0
12019,2,3,36878.0,60254.0,1634.0
12019,5,3,751889.0,5372406.0,7145.0
12019,7,3,5805001.0,18612161.0,3206.0
22019,1,3,975015.0,7291751.0,7479.0
22019,2,3,36230.0,58027.0,1602.0
22019,5,3,760453.0,5510104.0,7246.0
22019,7,3,5750202.0,18449563.0,3209.0
32019,1,3,971703.0,7374909.0,7590.0
32019,2,3,36744.0,58967.0,1605.0
32019,5,3,763900.0,5706331.0,7470.0
32019,7,3,5772070.0,18663864.0,3233.0
42019,1,3,971703.0,7374909.0,7590.0
42019,2,3,36744.0,58967.0,1605.0
42019,5,3,763900.0,5706331.0,7470.0
42019,7,3,5772070.0,18663864.0,3233.0
52019,1,3,967323.0,7317218.0,7564.0
52019,2,3,36664.0,58051.0,1583.0
52019,5,3,763880.0,5744024.0,7520.0
52019,7,3,5791852.0,18497272.0,3194.0
62019,1,3,967323.0,7317218.0,7564.0
62019,2,3,36664.0,58051.0,1583.0
62019,5,3,763880.0,5744024.0,7520.0
62019,7,3,5791852.0,18497272.0,3194.0
72019,1,3,966938.0,7173313.0,7419.0
72019,2,3,36499.0,57867.0,1585.0
72019,5,3,763641.0,5739403.0,7516.0
72019,7,3,5819096.0,18487353.0,3177.0
82019,1,3,966938.0,7173313.0,7419.0
82019,2,3,36499.0,57867.0,1585.0
82019,5,3,763641.0,5739403.0,7516.0
82019,7,3,5819096.0,18487353.0,3177.0
92019,1,3,966938.0,7173313.0,7419.0
92019,2,3,36499.0,57867.0,1585.0
92019,5,3,763641.0,5739403.0,7516.0
92019,7,3,5818895.0,18493720.0,3178.0
102019,1,3,966938.0,7172102.0,7417.0
102019,2,3,36499.0,57867.0,1585.0
102019,5,3,763591.0,5738614.0,7515.0
102019,7,3,5818915.0,18495151.0,3178.0
112019,1,3,966938.0,7172102.0,7417.0
112019,2,3,36499.0,57867.0,1585.0
112019,5,3,763591.0,5738614.0,7515.0
112019,7,3,5818915.0,18495151.0,3178.0
122019,1,3,966938.0,7172102.0,7417.0
122019,2,3,36499.0,57867.0,1585.0
122019,5,3,763591.0,5738614.0,7515.0
122019,7,3,5818915.0,18495151.0,3178.0
12020,1,3,947375.0,7300059.0,7706.0
12020,2,3,36608.0,64783.0,1770.0
12020,5,3,779342.0,5886185.0,7553.0
12020,7,3,5930249.0,19265677.0,3249.0
22020,1,3,947375.0,7300059.0,7706.0
22020,2,3,36608.0,64783.0,1770.0
22020,5,3,779342.0,5886185.0,7553.0
22020,7,3,5930249.0,19265677.0,3249.0
32020,1,3,948925.0,7485176.0,7888.0
32020,2,3,36882.0,58104.0,1575.0
32020,5,3,745465.0,4629486.0,6210.0
32020,7,3,5862802.0,13369911.0,2280.0
42020,1,3,948925.0,7485176.0,7888.0
42020,2,3,36882.0,58104.0,1575.0
42020,5,3,745465.0,4629486.0,6210.0
42020,7,3,5862802.0,13369911.0,2280.0
52020,1,3,950211.0,7678388.0,8081.0
52020,2,3,36904.0,54209.0,1469.0
52020,5,3,742385.0,4203143.0,5662.0
52020,7,3,5959630.0,11221247.0,1883.0
62020,1,3,950211.0,7678388.0,8081.0
62020,2,3,36904.0,54209.0,1469.0
62020,5,3,742385.0,4203143.0,5662.0
62020,7,3,5959630.0,11221247.0,1883.0
72020,1,3,949434.0,7765965.0,8180.0
72020,2,3,36907.0,54190.0,1468.0
72020,5,3,741785.0,4150697.0,5596.0
72020,7,3,5960469.0,11224010.0,1883.0
82020,1,3,949434.0,7765965.0,8180.0
82020,2,3,36907.0,54190.0,1468.0
82020,5,3,741785.0,4150697.0,5596.0
82020,7,3,5960469.0,11224010.0,1883.0
92020,1,3,949434.0,7765965.0,8180.0
92020,2,3,36907.0,54172.0,1468.0
92020,5,3,741785.0,4151507.0,5597.0
92020,7,3,5960469.0,11215370.0,1882.0
102020,1,3,949670.0,7773220.0,8185.0
102020,2,3,36907.0,54797.0,1485.0
102020,5,3,741785.0,4208693.0,5674.0
102020,7,3,5959469.0,11289663.0,1894.0
112020,1,3,949670.0,7773220.0,8185.0
112020,2,3,36907.0,54797.0,1485.0
112020,5,3,741785.0,4208693.0,5674.0
112020,7,3,5959469.0,11289663.0,1894.0
122020,1,3,949613.0,7768085.0,8180.0
122020,2,3,36907.0,54797.0,1485.0
122020,5,3,741785.0,4208693.0,5674.0
122020,7,3,5959469.0,11295193.0,1895.0
12021,1,3,963661.0,7619984.0,7907.0
12021,2,3,36883.0,58454.0,1585.0
12021,5,3,788212.0,4585604.0,5818.0
12021,7,3,6075058.0,19421238.0,3197.0
22021,1,3,955867.0,7606694.0,7958.0
22021,2,3,37044.0,59987.0,1619.0
22021,5,3,781927.0,4435388.0,5672.0
22021,7,3,6087229.0,19514310.0,3206.0
32021,1,3,950106.0,7706548.0,8111.0
32021,2,3,35943.0,54650.0,1520.0
32021,5,3,781100.0,4429108.0,5670.0
32021,7,3,6091873.0,19649811.0,3226.0
42021,1,3,950106.0,7706548.0,8111.0
42021,2,3,35943.0,54650.0,1520.0
42021,5,3,781100.0,4429108.0,5670.0
42021,7,3,6091873.0,19649811.0,3226.0
52021,1,3,949867.0,7970168.0,8391.0
52021,2,3,36110.0,54265.0,1503.0
52021,5,3,775277.0,4351288.0,5613.0
52021,7,3,6095677.0,20259588.0,3324.0
62021,1,3,949867.0,7970168.0,8391.0
62021,2,3,36110.0,54265.0,1503.0
62021,5,3,775277.0,4351288.0,5613.0
62021,7,3,6095677.0,20259588.0,3324.0
72021,1,3,948573.0,8254155.0,8702.0
72021,2,3,36110.0,54319.0,1504.0
72021,5,3,776277.0,4391760.0,5657.0
72021,7,3,6107208.0,20401342.0,3341.0
82021,1,3,948573.0,8254155.0,8702.0
82021,2,3,36110.0,54319.0,1504.0
82021,5,3,776277.0,4391760.0,5657.0
82021,7,3,6107208.0,20401342.0,3341.0
92021,1,3,948573.0,8254155.0,8702.0
92021,2,3,36110.0,54319.0,1504.0
92021,5,3,776277.0,4379894.0,5642.0
92021,7,3,6107208.0,20419562.0,3344.0
102021,1,3,949073.0,8258255.0,8701.0
102021,2,3,36110.0,54319.0,1504.0
102021,5,3,776277.0,4379651.0,5642.0
102021,7,3,6107258.0,20419712.0,3344.0
112021,1,3,949073.0,8258255.0,8701.0
112021,2,3,36110.0,54319.0,1504.0
112021,5,3,776277.0,4379651.0,5642.0
112021,7,3,6107258.0,20419712.0,3344.0
122021,1,3,949611.0,8295840.0,8736.0
122021,2,3,36080.0,54247.0,1504.0
122021,5,3,776082.0,4391398.0,5658.0
122021,7,3,6107558.0,20421119.0,3344.0
12022,1,3,953022.0,7816015.0,8201.0
12022,2,3,33579.0,61583.0,1834.0
12022,5,3,816921.0,5527212.0,6766.0
12022,7,3,6362434.0,21071023.0,3312.0
22022,1,3,933447.0,7471177.0,8004.0
22022,2,3,32644.0,47971.0,1470.0
22022,5,3,798357.0,3856406.0,4830.0
22022,7,3,6334353.0,13105770.0,2069.0
32022,1,3,939121.0,7417818.0,7899.0
32022,2,3,31926.0,42601.0,1334.0
32022,5,3,775571.0,3024976.0,3900.0
32022,7,3,6278846.0,9495492.0,1512.0
42022,1,3,939121.0,7417818.0,7899.0
42022,2,3,31926.0,42601.0,1334.0
42022,5,3,775571.0,3024976.0,3900.0
42022,7,3,6278846.0,9495492.0,1512.0
52022,1,3,935445.0,7436447.0,7950.0
52022,2,3,31804.0,42188.0,1326.0
52022,5,3,774662.0,2983639.0,3852.0
52022,7,3,6227383.0,9163740.0,1472.0
62022,1,3,935445.0,7436447.0,7950.0
62022,2,3,31804.0,42188.0,1326.0
62022,5,3,774662.0,2983639.0,3852.0
62022,7,3,6227383.0,9163740.0,1472.0
72022,1,3,934380.0,7478711.0,8004.0
72022,2,3,31800.0,40750.0,1281.0
72022,5,3,772591.0,3005494.0,3890.0
72022,7,3,6215638.0,9326531.0,1500.0
82022,1,3,934380.0,7478711.0,8004.0
82022,2,3,31800.0,40750.0,1281.0
82022,5,3,772591.0,3005494.0,3890.0
82022,7,3,6215638.0,9326531.0,1500.0
92022,1,3,934380.0,7478711.0,8004.0
92022,2,3,31800.0,40750.0,1281.0
92022,5,3,772591.0,3001734.0,3885.0
92022,7,3,6215638.0,9341831.0,1503.0
102022,1,3,931934.0,7493127.0,8040.0
102022,2,3,31800.0,40750.0,1281.0
102022,5,3,772541.0,3000740.0,3884.0
102022,7,3,6215638.0,9341148.0,1503.0
112022,1,3,931934.0,7493127.0,8040.0
112022,2,3,31800.0,40750.0,1281.0
112022,5,3,772541.0,3000740.0,3884.0
112022,7,3,6215638.0,9341148.0,1503.0
122022,1,3,931381.0,7488433.0,8040.0
122022,2,3,31780.0,40740.0,1282.0
122022,5,3,772541.0,3000740.0,3884.0
122022,7,3,6215638.0,9341148.0,1503.0
12023,1,3,868033.0,7108592.0,8189.0
12023,2,3,28680.0,47123.0,1643.0
12023,5,3,840704.0,5830607.0,6935.0
12023,7,3,6628647.0,21256537.0,3207.0
22023,1,3,844347.0,6828316.0,8087.0
22023,2,3,28330.0,44461.0,1569.0
22023,5,3,833433.0,5048848.0,6058.0
22023,7,3,6618511.0,18252592.0,2758.0
32023,1,3,833836.0,6656454.0,7983.0
32023,2,3,28350.0,40765.0,1438.0
32023,5,3,820136.0,4135355.0,5042.0
32023,7,3,6615242.0,14734259.0,2227.0
42023,1,3,833836.0,6656454.0,7983.0
42023,2,3,28350.0,40765.0,1438.0
42023,5,3,820136.0,4135355.0,5042.0
42023,7,3,6615242.0,14734259.0,2227.0
52023,1,3,851964.0,6859735.0,8052.0
52023,2,3,28329.0,40725.0,1438.0
52023,5,3,817025.0,3955369.0,4841.0
52023,7,3,6653727.0,12970362.0,1949.0
62023,1,3,851964.0,6859735.0,8052.0
62023,2,3,28329.0,40725.0,1438.0
62023,5,3,817025.0,3955369.0,4841.0
62023,7,3,6653727.0,12970362.0,1949.0
72023,1,3,845071.0,6892329.0,8156.0
72023,2,3,28329.0,40688.0,1436.0
72023,5,3,816948.0,3954830.0,4841.0
72023,7,3,6646966.0,12708118.0,1912.0
82023,1,3,845071.0,6892329.0,8156.0
82023,2,3,28329.0,40688.0,1436.0
82023,5,3,816948.0,3954830.0,4841.0
82023,7,3,6646966.0,12708118.0,1912.0
92023,1,3,840593.0,6939953.0,8256.0
92023,2,3,28329.0,40688.0,1436.0
92023,5,3,816218.0,3963759.0,4856.0
92023,7,3,6636966.0,12688796.0,1912.0
102023,1,3,835415.0,7066687.0,8459.0
102023,2,3,28331.0,40691.0,1436.0
102023,5,3,816193.0,3962100.0,4854.0
102023,7,3,6637135.0,12688793.0,1912.0
112023,1,3,835415.0,7066687.0,8459.0
112023,2,3,28331.0,40691.0,1436.0
112023,5,3,816193.0,3962100.0,4854.0
112023,7,3,6637135.0,12688793.0,1912.0
122023,1,3,829045.0,7109123.0,8575.0
122023,2,3,28328.0,40687.0,1436.0
122023,5,3,815828.0,3960378.0,4854.0
122023,7,3,6639040.0,12693487.0,1912.0
12024,1,3,902818.0,7366139.0,8159.0
12024,2,3,27766.0,46266.0,1666.0
12024,5,3,824786.0,5917986.0,7175.0
12024,7,3,6716022.0,21446876.0,3193.0
22024,1,3,903275.0,7372768.0,8162.0
22024,2,3,27514.0,48847.0,1775.0
22024,5,3,815603.0,5509461.0,6755.0
22024,7,3,6691698.0,21727804.0,3247.0
32024,1,3,896295.0,7411565.0,8269.0
32024,2,3,27600.0,46267.0,1676.0
32024,5,3,810111.0,5007602.0,6181.0
32024,7,3,6698706.0,21729500.0,3244.0
42024,1,3,896295.0,7411565.0,8269.0
42024,2,3,27600.0,46267.0,1676.0
42024,5,3,810111.0,5007602.0,6181.0
42024,7,3,6698706.0,21729500.0,3244.0
52024,1,3,888192.0,7290719.0,8208.0
52024,2,3,27605.0,40747.0,1476.0
52024,5,3,804907.0,4678033.0,5812.0
52024,7,3,6661645.0,20282186.0,3045.0
62024,1,3,888192.0,7290719.0,8208.0
62024,2,3,27605.0,40747.0,1476.0
62024,5,3,804907.0,4678033.0,5812.0
62024,7,3,6661645.0,20282186.0,3045.0
72024,1,3,859437.0,7087000.0,8246.0
72024,2,3,27546.0,40683.0,1477.0
72024,5,3,798800.0,4500402.0,5634.0
72024,7,3,6499353.0,18258064.0,2809.0
82024,1,3,859437.0,7087000.0,8246.0
82024,2,3,27546.0,40683.0,1477.0
82024,5,3,798800.0,4500402.0,5634.0
82024,7,3,6499353.0,18258064.0,2809.0
92024,1,3,861207.0,7109839.0,8256.0
92024,2,3,27546.0,40683.0,1477.0
92024,5,3,798800.0,4511181.0,5647.0
92024,7,3,6498353.0,18264889.0,2811.0
102024,1,3,863029.0,7128908.0,8260.0
102024,2,3,27546.0,40666.0,1476.0
102024,5,3,798800.0,4509847.0,5646.0
102024,7,3,6498853.0,18257322.0,2809.0
112024,1,3,863029.0,7128908.0,8260.0
112024,2,3,27546.0,40666.0,1476.0
112024,5,3,798800.0,4509847.0,5646.0
112024,7,3,6498853.0,18257322.0,2809.0
122024,1,3,862589.0,7128908.0,8265.0
122024,2,3,27546.0,40666.0,1476.0
122024,5,3,798800.0,4509897.0,5646.0
122024,7,3,6498853.0,18252278.0,2809.0
